<?xml version="1.0" encoding="UTF-8"?>

<!DOCTYPE hibernate-configuration PUBLIC
    "-//Hibernate/Hibernate Configuration DTD 3.0//EN"
    "http://www.hibernate.org/dtd/hibernate-configuration-3.0.dtd">
    
<hibernate-configuration>
	<session-factory>
		<property name="hibernate.connection.driver_class">oracle.jdbc.driver.OracleDriver</property>
		<property name="hibernate.connection.url">jdbc:oracle:thin:@localhost:1521:xe</property>
		<property name="hibernate.connection.username">nandha</property>
		<property name="hibernate.connection.password">nandha</property>
		<property name="hibernate.hbm2ddl.auto">update</property>
		<property name="hibernate.dialect">org.hibernate.dialect.OracleDialect</property>
		<mapping resource="hbcls/nandha.hbm.xml"/>
		<mapping class="hbcls.Library"/>
		<mapping class="hbcls.Customer"/>
		<mapping class="hbcls.Transaction_Info"/>
		<mapping class="hbcls.Student_Info"/>
		<mapping class="hbcls.Address"/>
		<mapping class="hbcls.Teacher"/>
		<mapping class="hbcls.Subject"/>
		<mapping class="hbcls.Question"/>
		<mapping class="hbcls.Answer"/>
	</session-factory>
</hibernate-configuration>
